1492890136,146574,3
1492890136,149234,4
1492890136,152149,5
1492890136,154673,6
1492890136,157025,7
1492890136,159259,8
1492890136,161267,9
1492890136,163203,10
1492890136,165305,11
1492890136,167530,12
1492890136,169661,13
1492890136,171823,14
1492890136,174554,15
1492890136,176557,16
1492890136,178538,17
1492890136,180554,18
1492890136,354750,19
1492890136,399858,43
1492890136,409410,44
1492890136,412707,45
1492890136,415451,46
1492890136,463813,47
1492890136,466076,48
1492890136,468475,49
1492890136,519312,-ò‚\50
1492890136,522263,51
1492890136,572843,52
1492890136,576215,53
1492890136,579095,54
1492890136,627860,55
1492890136,629918,56
1492890136,631872,57
1492890136,682976,58
1492890136,686831,tfG>59
1492890136,689921,60
1492890136,737609,61
1492890136,740468,62
1492890136,791013,63
1492890136,793803,64
1492890136,796439,65
1492890136,846396,66
1492890136,850008,67
1492890136,900601,69
1492890136,902875,70
1492890136,904995,71
1492890136,956357,72
1492890136,959739,73
1492890137,9496,74
1492890137,12727,75
1492890137,15481,76
1492890137,81768,78
1492890137,83987,79
1492890137,119168,80
1492890137,122087,81
1492890137,124627,82
1492890137,174051,83
1492890137,176414,84
1492890137,179181,85
1492890137,275691,87
1492890137,283006,88
1492890137,286720,89
1492890137,289626,90
1492890137,338032,91
1492890137,341459,92
1492890137,344116,93
1492890137,392748,94
1492890137,396085,©Ñ>95
1492890137,399014,96
1492890137,448071,97
1492890137,451686,98
1492890137,501347,99
1492890137,505002,100
1492890137,507912,101
1492890137,556284,102
1492890137,559789,103
1492890137,610792,105
1492890137,613465,106
1492890137,616004,107
1492890137,666361,108
1492890137,670019,109
1492890137,719331,110
1492890137,721824,111
1492890137,724039,112
1492890137,789249,114
1492890137,791252,115
1492890137,829028,116
1492890137,831322,117
1492890137,833286,118
1492890137,884752,119
1492890137,889232,120
1492890137,892100,121
1492890137,985460,123
1492890137,992980,124
1492890137,996611,125
1492890137,999600,126
1492890138,47734,127
1492890138,51336,128
1492890138,54187,129
1492890138,102793,130
1492890138,152908,132
1492890138,157033,133
1492890138,159041,134
1492890138,211282,135
1492890138,214953,136
1492890138,218012,137
1492890138,266094,138
1492890138,269541,139
1492890138,320584,141
1492890138,322865,142
1492890138,325587,143
1492890138,375519,144
1492890138,378368,145
1492890138,429381,146
1492890138,432191,147
1492890138,434757,148
1492890138,502703,150
1492890138,504692,151
1492890138,539598,152
1492890138,542990,153
1492890138,545709,154
1492890138,594496,155
1492890138,597748,156
1492890138,600614,157
1492890138,694249,159
1492890138,702699,160
1492890138,705443,161
1492890138,707916,162
1492890138,757967,163
1492890138,761611,164
1492890138,764514,165
1492890138,812803,166
1492890138,863059,168
1492890138,867173,169
1492890138,869376,170
1492890138,921036,171
1492890138,923666,172
1492890138,926088,173
1492890138,976002,174
1492890138,977928,175
1492890139,30795,177
1492890139,33511,178
1492890139,35986,179
1492890139,86281,180
1492890139,90289,181
1492890139,139619,182
1492890139,143243,183
1492890139,146110,184
1492890139,212461,186
1492890139,214732,187
1492890139,249664,188
1492890139,253268,189
1492890139,256164,190
1492890139,304562,191
1492890139,307979,192
1492890139,310827,193
1492890139,405499,195
1492890139,412471,196
1492890139,414659,197
1492890139,416850,198
1492890139,467682,199
1492890139,470922,200
1492890139,473626,201
1492890139,522314,202
1492890139,574842,204
1492890139,577051,205
1492890139,579021,206
1492890139,630869,207
1492890139,633039,208
1492890139,635280,209
1492890139,685827,210
1492890139,688505,211
1492890139,740405,213
1492890139,742529,214
1492890139,744481,215
1492890139,796115,216
1492890139,799487,217
1492890139,849112,218
1492890139,851114,219
1492890139,853087,220
1492890139,919045,222
1492890139,921050,223
1492890139,959193,224
1492890139,962161,225
1492890139,964858,226
1492890140,14604,227
1492890140,18061,228
1492890140,21065,229
1492890140,116486,231
1492890140,122428,232
1492890140,124359,233
1492890140,126371,234
1492890140,177835,235
1492890140,180022,236
1492890140,182028,237
1492890140,232776,238
1492890140,287476,240
1492890140,290495,241
1492890140,292934,242
1492890140,341086,243
1492890140,344551,244
1492890140,347422,245
1492890140,396182,246
1492890140,399748,247
1492890140,451431,249
1492890140,453682,250
1492890140,455697,251
1492890140,506272,252
1492890140,509646,253
1492890140,559247,254
1492890140,561585,255
1492890140,563663,256
1492890140,629942,258
1492890140,632304,259
1492890140,669143,260
1492890140,672057,261
1492890140,674542,262
1492890140,723886,263
1492890140,726243,264
1492890140,728980,265
1492890140,824566,267
1492890140,833068,268
1492890140,836925,269
1492890140,839932,270
1492890140,888114,271
1492890140,892345,272
1492890140,895220,273
1492890140,942657,274
1492890140,995663,276
1492890140,998114,277
1492890141,258,278
1492890141,51188,279
1492890141,54811,280
1492890141,57715,281
1492890141,106037,282
1492890141,109582,283
1492890141,160429,285
1492890141,162453,286
1492890141,164389,287
1492890141,215246,288
1492890141,217363,289
1492890141,269457,290
1492890141,271806,291
1492890141,273844,292
1492890141,338577,294
1492890141,340886,295
1492890141,379294,296
1492890141,382674,297
1492890141,385526,298
1492890141,434015,299
1492890141,436841,300
1492890141,439453,301
1492890141,540371,303
1492890141,542396,304
1492890141,544287,305
1492890141,546331,306
1492890141,597775,307
1492890141,601313,308
1492890141,604211,309
1492890141,652373,310
1492890141,702310,312
1492890141,707069,313
1492890141,709187,314
1492890141,760911,315
1492890141,763786,316
1492890141,766110,317
1492890141,816099,318
1492890141,820278,319
1492890141,870757,321
1492890141,873146,322
1492890141,875176,323
1492890141,925711,324
1492890141,928231,325
1492890141,979215,326
1492890141,981972,327
1492890141,984417,328
1492890142,53434,330
1492890142,56217,331
1492890142,89428,332
1492890142,92950,333
1492890142,95842,334
1492890142,144565,335
1492890142,148059,336
1492890142,151148,337
1492890142,248157,339
1492890142,252558,340
1492890142,255140,341
1492890142,258220,342
1492890142,307228,343
1492890142,309518,344
1492890142,312350,345
1492890142,362017,346
1492890142,408929,348
1492890142,417745,349
1492890142,421348,350
1492890142,470953,351
1492890142,474770,352
1492890142,477778,353
1492890142,526002,354
1492890142,529249,355
1492890142,580412,357
1492890142,582675,358
1492890142,584739,359
1492890142,635608,360
1492890142,637869,361
1492890142,689573,362
1492890142,693257,363
1492890142,696411,364
1492890142,764408,366
1492890142,766498,367
1492890142,799295,368
1492890142,803031,369
1492890142,805926,370
1492890142,854000,371
1492890142,856552,372
1492890142,859623,373
1492890142,956155,375
1492890142,962641,376
1492890142,966101,377
1492890142,969083,378
1492890143,17164,379
1492890143,19389,380
1492890143,21621,381
1492890143,72524,382
1492890143,124165,384
1492890143,126753,385
1492890143,128740,386
1492890143,180754,387
1492890143,183020,388
1492890143,185097,389
1492890143,236533,390
1492890143,240592,391
1492890143,290477,393
1492890143,292486,394
1492890143,294438,395
1492890143,345679,396
1492890143,348367,397
1492890143,399429,398
1492890143,402838,399
1492890143,405642,400
1492890143,470225,402
1492890143,472255,403
1492890143,509216,404
1492890143,512637,405
1492890143,515447,406
1492890143,564456,407
1492890143,567839,408
1492890143,570723,409
1492890143,665881,411
1492890143,672657,412
1492890143,675799,413
1492890143,678548,414
1492890143,727164,415
1492890143,730061,416
